City,Lat,Lng,Max Temp,Humidity,Cloudiness,Wind Speed,Country,Current Description
Kodiak,57.79,-152.4072,56.71,72,100,4.61,US,overcast clouds
Bandarbeyla,9.4942,50.8122,76.59,82,56,27.47,SO,broken clouds
Araouane,18.9048,-3.5265,102.69,15,32,12.62,ML,scattered clouds
Chuy,-33.6971,-53.4616,54.72,73,0,6.15,UY,clear sky
Upernavik,72.7868,-56.1549,41.83,87,100,27.49,GL,light rain
New Norfolk,-42.7826,147.0587,42.3,86,100,1.52,AU,overcast clouds
Rikitea,-23.1203,-134.9692,72.82,62,29,17.96,PF,scattered clouds
Komsomolskiy,40.4272,71.7189,74.12,28,5,9.22,UZ,clear sky
Narrabri,-30.3167,149.7833,48.52,84,68,4.0,AU,broken clouds
Saint-Philippe,-21.3585,55.7679,69.39,80,54,14.5,RE,light rain
Rodrigues Alves,-7.738,-72.6509,94.1,29,62,5.46,BR,broken clouds
Sharkan,57.2989,53.8712,46.22,72,100,4.05,RU,overcast clouds
Vardo,70.3705,31.1107,44.58,100,75,18.41,NO,broken clouds
Puerto Ayora,-0.7393,-90.3518,80.56,89,96,8.01,EC,overcast clouds
Barrow,71.2906,-156.7887,39.22,70,100,5.75,US,overcast clouds
Yeppoon,-23.1333,150.7333,56.98,82,18,11.03,AU,few clouds
Tuktoyaktuk,69.4541,-133.0374,41.0,93,100,29.93,CA,overcast clouds
Coquimbo,-29.9533,-71.3436,55.13,87,40,9.22,CL,scattered clouds
Hobart,-42.8794,147.3294,42.66,91,75,8.05,AU,broken clouds
Georgetown,5.4112,100.3354,79.9,90,96,4.45,MY,overcast clouds
Ushuaia,-54.8,-68.3,33.46,93,75,25.32,AR,broken clouds
Xacmaz,41.4635,48.806,64.87,64,84,9.73,AZ,broken clouds
Victoria,22.2855,114.1577,87.33,64,89,1.99,HK,overcast clouds
Bambous Virieux,-20.3428,57.7575,70.05,78,75,12.66,MU,light rain
Albany,42.6001,-73.9662,65.73,94,100,1.3,US,moderate rain
Amuntai,-2.4177,115.2494,70.68,98,91,1.72,ID,overcast clouds
Saint George,37.1041,-113.5841,107.44,14,0,4.0,US,clear sky
Kapaa,22.0752,-159.319,83.48,66,40,11.5,US,scattered clouds
Cherskiy,68.75,161.3,40.17,82,100,8.1,RU,overcast clouds
Butaritari,3.0707,172.7902,81.45,79,91,16.24,KI,light rain
Port Alfred,-33.5906,26.891,57.18,70,0,7.0,ZA,clear sky
Mar Del Plata,-38.0023,-57.5575,71.62,56,0,10.36,AR,clear sky
Hithadhoo,-0.6,73.0833,81.43,74,100,18.14,MV,overcast clouds
Punta Arenas,-53.15,-70.9167,41.11,81,75,21.85,CL,light intensity shower rain
Castro,-24.7911,-50.0119,56.95,77,79,3.8,BR,moderate rain
Kaitangata,-46.2817,169.8464,35.89,82,74,10.0,NZ,broken clouds
Atuona,-9.8,-139.0333,76.33,75,50,22.66,PF,light rain
Nanortalik,60.1432,-45.2371,43.38,95,100,8.08,GL,overcast clouds
Hermanus,-34.4187,19.2345,52.81,80,66,12.03,ZA,broken clouds
Aljezur,37.3191,-8.8033,65.88,94,1,6.33,PT,clear sky
Chokurdakh,70.6333,147.9167,40.6,72,100,8.23,RU,overcast clouds
Henties Bay,-22.116,14.2845,54.32,89,0,8.79,NA,clear sky
Constitucion,-35.3333,-72.4167,61.07,65,22,9.55,CL,few clouds
Bluff,-46.6,168.3333,41.81,64,87,10.29,NZ,overcast clouds
Saldanha,-33.0117,17.9442,54.05,74,75,2.77,ZA,broken clouds
Yumen,40.2833,97.2,64.81,19,0,7.07,CN,clear sky
Solnechnyy,50.7214,136.6319,55.0,97,100,3.83,RU,light rain
Leningradskiy,69.3833,178.4167,32.79,99,100,6.11,RU,light snow
Mataura,-46.1927,168.8643,41.49,91,75,4.61,NZ,broken clouds
Busselton,-33.65,115.3333,49.41,89,100,5.77,AU,moderate rain
Letka,59.6011,49.4232,40.86,93,100,4.41,RU,overcast clouds
Medicine Hat,50.0501,-110.6683,84.63,28,20,16.11,CA,smoke
Gallup,35.5281,-108.7426,92.16,13,0,14.97,US,clear sky
Mehamn,71.0357,27.8492,46.31,93,75,18.41,NO,broken clouds
Carnarvon,-24.8667,113.6333,62.47,59,76,13.73,AU,broken clouds
Jamestown,42.097,-79.2353,69.53,72,100,1.01,US,heavy intensity rain
Buala,-8.145,159.5921,81.57,77,74,6.58,SB,broken clouds
Saint-Louis,16.3333,-15.0,91.78,46,100,7.23,SN,overcast clouds
Clyde River,70.4692,-68.5914,39.43,93,100,6.91,CA,overcast clouds
Ende,-8.8432,121.6623,75.47,89,66,1.48,ID,broken clouds
Carutapera,-1.195,-46.02,80.22,78,51,9.46,BR,broken clouds
Lompoc,34.6391,-120.4579,90.59,50,0,14.97,US,clear sky
Warmbad,-28.45,18.7333,53.69,35,0,4.38,NA,clear sky
Torbay,47.6666,-52.7314,66.76,86,75,6.91,CA,broken clouds
Myanaung,18.2833,95.3167,78.4,91,100,2.73,MM,overcast clouds
Promyshlennaya,54.9159,85.6385,52.75,43,99,6.6,RU,overcast clouds
Avarua,-21.2078,-159.775,77.05,83,100,17.27,CK,overcast clouds
San Cristobal,7.7669,-72.225,82.58,60,39,6.89,VE,scattered clouds
Ayagoz,47.9714,80.4392,65.66,36,0,7.27,KZ,clear sky
Lebu,-37.6167,-73.65,54.54,71,100,6.93,CL,overcast clouds
Vila Franca Do Campo,37.7167,-25.4333,72.01,81,79,3.98,PT,broken clouds
Avera,33.194,-82.5271,88.38,60,99,5.73,US,overcast clouds
Bethel,41.3712,-73.414,78.8,86,100,0.0,US,heavy intensity rain
Iralaya,15.0,-83.2333,83.82,72,92,6.6,HN,overcast clouds
Thompson,55.7435,-97.8558,82.56,44,20,6.91,CA,few clouds
Deshnok,27.7986,73.3447,84.99,56,0,13.8,IN,clear sky
Provideniya,64.3833,-173.3,48.36,93,100,11.18,RU,overcast clouds
Lavrentiya,65.5833,-171.0,43.38,97,100,7.09,RU,light rain
Bengkulu,-3.8004,102.2655,76.3,85,100,2.8,ID,overcast clouds
Sale,34.0389,-6.8166,69.75,88,75,0.0,MA,broken clouds
Ahipara,-35.1667,173.1667,53.76,67,38,16.06,NZ,scattered clouds
Vaini,-21.2,-175.2,78.96,94,75,9.22,TO,broken clouds
Srednekolymsk,67.45,153.6833,40.37,73,82,5.77,RU,broken clouds
Sistranda,63.7256,8.834,48.16,78,6,4.41,NO,clear sky
Ocnita,44.9833,25.55,61.77,83,52,5.17,RO,broken clouds
Laguna,38.421,-121.4238,113.05,14,0,11.5,US,clear sky
Dikson,73.5069,80.5464,35.42,80,100,23.98,RU,light rain
Raudeberg,61.9875,5.1352,54.86,43,53,10.2,NO,broken clouds
Oum Hadjer,13.2954,19.6966,79.14,74,98,2.82,TD,overcast clouds
College,64.8569,-147.8028,58.28,71,40,5.75,US,scattered clouds
Nhulunbuy,-12.2333,136.7667,68.61,94,49,0.0,AU,scattered clouds
Salinopolis,-0.6136,-47.3561,80.62,81,24,14.65,BR,few clouds
Marovoay,-16.1,46.6333,72.63,57,65,9.33,MG,broken clouds
Usinsk,65.9939,57.5281,42.66,92,100,12.59,RU,overcast clouds
Hamilton,39.1834,-84.5333,83.08,74,0,5.75,US,clear sky
Arraial Do Cabo,-22.9661,-42.0278,67.96,64,100,9.22,BR,overcast clouds
Biak,-0.9131,122.8766,74.53,86,99,3.69,ID,overcast clouds
Socorro,31.6546,-106.3033,91.26,24,20,11.5,US,few clouds
Lisakovsk,52.5369,62.4936,52.66,72,100,16.64,KZ,overcast clouds
Safita,34.8205,36.1153,73.13,82,7,4.92,SY,clear sky
Nha Trang,12.25,109.1833,80.6,87,100,6.31,VN,moderate rain
Gravdal,68.1214,13.5031,48.09,76,75,10.36,NO,broken clouds
Adrar,20.5022,-10.0711,97.03,22,46,12.68,MR,scattered clouds
Jeremie,18.65,-74.1167,85.08,73,51,3.36,HT,broken clouds
Bastia,42.6667,9.3333,75.29,83,0,4.61,FR,clear sky
Codrington,-38.2667,141.9667,40.66,94,100,8.12,AU,overcast clouds
Longyearbyen,78.2186,15.6401,39.04,87,75,5.75,SJ,light intensity drizzle rain
Hilo,19.7297,-155.09,84.27,81,100,4.61,US,overcast clouds
Hat Yai,7.0084,100.4767,77.18,100,75,0.0,TH,broken clouds
Severo-Kurilsk,50.6789,156.125,53.64,95,94,7.34,RU,overcast clouds
Smidovich,48.6,133.8167,57.2,95,100,6.96,RU,light rain
Ribeira Grande,38.5167,-28.7,74.35,79,100,6.11,PT,overcast clouds
Bredasdorp,-34.5322,20.0403,48.54,83,23,9.37,ZA,few clouds
Sioux Lookout,50.1001,-91.917,75.27,50,75,6.91,CA,broken clouds
Pozo Colorado,-23.4923,-58.7972,72.09,49,8,6.55,PY,clear sky
Farafangana,-22.8167,47.8333,67.35,88,1,8.1,MG,clear sky
Honiara,-9.4333,159.95,80.58,79,9,3.49,SB,clear sky
Dalby,-27.1833,151.2667,46.98,95,80,8.81,AU,broken clouds
Wajir,1.7471,40.0573,77.88,50,42,19.46,KE,scattered clouds
Udachnyy,66.4167,112.4,40.42,97,100,8.97,RU,light rain
Tiksi,71.6872,128.8694,40.77,68,100,17.38,RU,overcast clouds
Kahului,20.8947,-156.47,82.42,80,75,20.71,US,light rain
Ugoofaaru,5.6667,73.0,80.02,81,100,21.88,MV,light rain
Tasiilaq,65.6145,-37.6368,42.96,95,94,5.23,GL,overcast clouds
Kavieng,-2.5744,150.7967,80.85,72,78,8.72,PG,broken clouds
Beloha,-25.1667,45.05,68.36,70,0,5.55,MG,clear sky
Talara,-4.5772,-81.2719,72.36,68,0,10.36,PE,clear sky
Gat,31.61,34.7642,77.68,76,0,2.19,IL,clear sky
Lagoa,39.05,-27.9833,72.54,70,100,4.54,PT,overcast clouds
Ushtobe,45.2514,77.9838,71.38,22,0,7.36,KZ,clear sky
Severomuysk,56.1481,113.4267,34.23,90,100,3.6,RU,overcast clouds
Usakos,-22.0,15.6,65.79,17,0,3.71,NA,clear sky
Iqaluit,63.7506,-68.5145,38.93,87,75,10.36,CA,light intensity shower rain
Ust-Shonosha,61.1531,41.343,43.41,98,100,4.09,RU,light rain
Saskylakh,71.9167,114.0833,42.19,64,100,15.84,RU,overcast clouds
Souillac,-20.5167,57.5167,70.18,78,75,12.66,MU,broken clouds
Fairbanks,64.8378,-147.7164,58.3,71,0,5.75,US,clear sky
Mahibadhoo,3.7833,72.9667,79.95,84,100,19.42,MV,overcast clouds
Luderitz,-26.6481,15.1594,57.18,59,0,24.61,NA,clear sky
Akureyri,65.6835,-18.0878,48.13,87,20,0.0,IS,few clouds
Marzuq,14.4,46.4667,84.07,50,67,3.29,YE,broken clouds
Saint Anthony,45.0205,-93.218,77.72,54,75,11.5,US,broken clouds
Margate,51.3813,1.3862,67.3,90,94,1.99,GB,overcast clouds
Monte Alegre,-2.0078,-54.0692,91.67,40,100,6.13,BR,overcast clouds
Zemio,5.0314,25.1361,68.32,97,100,2.08,CF,light rain
Tarata,-17.6167,-66.0167,65.62,49,34,11.03,BO,scattered clouds
Lodja,-3.4833,23.4333,72.52,75,2,1.92,CD,clear sky
Husavik,66.0449,-17.3389,52.5,80,100,5.91,IS,overcast clouds
Nidda,50.4167,9.0,68.52,65,20,4.9,DE,few clouds
Ibiruba,-28.6275,-53.0897,60.53,81,100,4.63,BR,light rain
Chifeng,42.2683,118.9636,50.16,35,16,7.36,CN,few clouds
Ziyang,29.2497,117.8547,66.51,83,6,2.82,CN,clear sky
Riyadh,24.6877,46.7219,89.74,10,1,5.14,SA,clear sky
Manokwari,-0.8667,134.0833,78.03,77,63,1.03,ID,broken clouds
Plastun,44.7561,136.2939,62.94,99,100,6.93,RU,light rain
Nikolskoye,59.7035,30.7861,45.88,75,48,3.31,RU,scattered clouds
Vanavara,60.34,102.2797,36.18,98,18,6.51,RU,few clouds
Vladyslavivka,45.1667,35.3667,59.23,59,0,9.01,UA,clear sky
Talnakh,69.4865,88.3972,43.21,94,100,2.57,RU,light rain
Dunedin,-45.8742,170.5036,38.8,71,95,5.99,NZ,overcast clouds
Ormara,25.2088,64.6357,79.72,82,41,8.95,PK,scattered clouds
Teya,60.3778,92.6267,37.22,98,76,5.23,RU,broken clouds
Dejen,10.1667,38.1333,51.98,86,68,2.73,ET,broken clouds
Ostrovnoy,68.0531,39.5131,44.08,93,100,22.86,RU,light rain
Salinas,36.6777,-121.6555,114.01,46,0,13.8,US,clear sky
Pisco,-13.7,-76.2167,62.65,77,20,11.5,PE,few clouds
San Patricio,28.017,-97.5169,82.29,86,100,7.56,US,overcast clouds
Vestmannaeyjar,63.4427,-20.2734,53.83,78,100,2.33,IS,overcast clouds
Acapulco,16.8634,-99.8901,76.82,94,100,6.91,MX,overcast clouds
Sitka,57.0531,-135.33,55.29,82,75,5.75,US,moderate rain
Gogrial,8.5332,28.1004,72.55,91,86,3.47,SS,overcast clouds
Marawi,7.9986,124.2928,67.78,93,96,2.8,PH,overcast clouds
Vila Velha,-20.3297,-40.2925,69.75,76,75,9.22,BR,broken clouds
La Ronge,55.1001,-105.2842,77.25,36,75,12.66,CA,smoke
Hasaki,35.7333,140.8333,75.29,86,12,7.85,JP,few clouds
Pochutla,15.7432,-96.4661,85.82,70,100,4.47,MX,overcast clouds
Impfondo,1.6381,18.0667,74.82,82,98,0.78,CG,overcast clouds
Likasi,-10.9814,26.7333,68.5,29,0,3.47,CD,clear sky
East London,-33.0153,27.9116,59.88,54,0,19.33,ZA,clear sky
Kamenka,51.3223,42.7678,47.59,53,81,5.75,RU,broken clouds
Mogadishu,2.0371,45.3438,75.58,85,0,19.93,SO,clear sky
Qaanaaq,77.484,-69.3632,43.09,91,100,5.01,GL,light rain
Airai,-8.9266,125.4092,55.65,69,83,2.1,TL,broken clouds
Manado,1.487,124.8455,75.97,100,40,2.3,ID,scattered clouds
Maraba,-5.3686,-49.1178,95.18,36,20,4.61,BR,few clouds
Kedrovyy,56.1667,91.8167,41.41,76,100,4.21,RU,overcast clouds
Cape Town,-33.9258,18.4232,55.09,69,75,4.61,ZA,broken clouds
Chachapoyas,-6.2317,-77.869,62.82,66,73,5.64,PE,light rain
Barcelona,41.3888,2.159,80.78,86,20,2.3,ES,few clouds
Bixby,35.942,-95.8833,90.39,61,40,5.75,US,scattered clouds
Yar-Sale,66.8333,70.8333,40.73,90,100,8.84,RU,overcast clouds
Goure,13.9835,10.2704,81.91,58,99,13.22,NE,overcast clouds
Hay River,60.8156,-115.7999,66.16,48,75,17.27,CA,broken clouds
Kihei,20.785,-156.4656,82.42,76,75,20.71,US,light rain
Byron Bay,-28.65,153.6167,54.95,88,100,10.13,AU,overcast clouds
San Francisco,37.7749,-122.4194,113.02,38,20,12.66,US,few clouds
Santa Isabel Do Rio Negro,-0.4139,-65.0192,87.19,60,77,1.72,BR,light rain
Esperance,-33.8667,121.9,53.44,80,77,12.66,AU,broken clouds
Masallatah,32.6167,14.0,77.86,84,0,9.13,LY,clear sky
Aklavik,68.2191,-135.0107,40.77,74,100,22.64,CA,overcast clouds
Caconda,-13.7333,15.0667,68.68,36,99,3.8,AO,overcast clouds
Cockburn Town,21.4612,-71.1419,87.76,58,40,5.75,TC,scattered clouds
Beringovskiy,63.05,179.3167,41.97,68,100,10.69,RU,overcast clouds
Namibe,-15.1961,12.1522,64.04,89,73,2.57,AO,broken clouds
San Andres,12.5847,-81.7006,84.22,84,75,9.22,CO,broken clouds
Andenes,69.3143,16.1194,48.18,93,75,20.71,NO,broken clouds
Korla,41.7597,86.1469,72.52,19,0,1.48,CN,clear sky
Swan Hill,-35.3378,143.5544,42.89,91,100,5.99,AU,overcast clouds
Koslan,63.4564,48.8989,43.38,97,100,4.52,RU,overcast clouds
Lagunas,-5.2269,-75.6753,93.56,32,43,5.17,PE,scattered clouds
Saint-Augustin,51.226,-58.6502,59.43,62,96,10.92,CA,overcast clouds
Likhovskoy,48.1519,40.1792,52.56,54,56,5.7,RU,broken clouds
Liverpool,53.4106,-2.9779,66.74,83,40,8.05,GB,thunderstorm
Pevek,69.7008,170.3133,34.18,81,99,8.25,RU,overcast clouds
Guangshui,31.6199,113.9978,72.95,54,98,3.33,CN,overcast clouds
Sayyan,15.1718,44.3244,67.28,42,35,2.21,YE,scattered clouds
Naze,28.3667,129.4833,77.92,86,100,19.3,JP,light rain
Camana,-16.6228,-72.7111,64.96,73,16,7.16,PE,few clouds
Eatonton,33.3268,-83.3885,88.0,72,100,5.79,US,overcast clouds
Mount Gambier,-37.8333,140.7667,40.51,92,100,5.53,AU,overcast clouds
Kaitong,44.8135,123.15,49.93,60,48,10.13,CN,scattered clouds
Pangnirtung,66.1451,-65.7125,41.0,87,100,12.66,CA,light intensity drizzle
Alice Springs,-23.7,133.8833,57.22,26,2,3.44,AU,clear sky
Benghazi,32.1167,20.0667,80.46,76,1,17.87,LY,clear sky
Barabai,-2.5833,115.3833,71.08,96,96,1.21,ID,moderate rain
Chapais,49.7834,-74.8492,67.78,30,7,1.19,CA,clear sky
Palmer,42.1584,-72.3287,71.24,81,100,6.91,US,overcast clouds
Wembley,-31.9333,115.8,51.1,97,100,8.05,AU,moderate rain
Turkmenabat,39.0733,63.5786,73.38,23,0,4.61,TM,clear sky
Yaan,7.3833,8.5667,73.94,92,5,5.37,NG,clear sky
Tahoua,14.8888,5.2692,90.77,45,4,7.14,NE,clear sky
Cayenne,4.9333,-52.3333,82.44,78,64,9.22,GF,broken clouds
Igarka,67.4667,86.5833,42.1,96,100,8.79,RU,light rain
Eenhana,-17.4667,16.3333,68.9,19,0,6.85,NA,clear sky
Churapcha,62.0025,132.4325,45.88,67,100,9.53,RU,overcast clouds
That Phanom,16.9364,104.7104,74.25,95,8,3.58,TH,clear sky
Matara,5.9485,80.5353,75.85,93,100,12.82,LK,overcast clouds
Ust-Tarka,55.5672,75.705,48.58,89,100,13.58,RU,light rain
Grindavik,63.8424,-22.4338,51.75,93,0,9.22,IS,clear sky
Urengoy,65.9667,78.3667,40.75,95,100,13.98,RU,overcast clouds
Bastrop,32.7562,-91.8724,84.7,73,83,1.01,US,broken clouds
Seydi,39.4816,62.9137,81.3,15,0,7.83,TM,clear sky
Cururupu,-1.8283,-44.8683,78.35,81,29,5.23,BR,scattered clouds
Norman Wells,65.282,-126.8329,46.44,87,100,16.11,CA,light rain
Middle Island,40.8843,-72.9373,81.52,80,0,13.8,US,clear sky
Taltal,-25.4,-70.4833,64.31,58,16,4.23,CL,few clouds
Tarancon,40.0085,-3.0073,69.1,33,5,5.91,ES,clear sky
Kayes,14.0,-11.0,81.27,69,50,5.19,ML,scattered clouds
Romitan,39.9343,64.3814,71.55,53,0,2.3,UZ,clear sky
Channel-Port Aux Basques,47.5702,-59.1367,64.9,73,56,13.6,CA,broken clouds
Kalmunai,7.4167,81.8167,76.71,89,100,3.83,LK,overcast clouds
Gizo,-8.103,156.8419,81.41,76,52,6.82,SB,broken clouds
Dom Pedrito,-30.9828,-54.6731,60.35,79,16,5.08,BR,few clouds
Tayu,-6.5397,111.0518,77.74,85,94,4.34,ID,overcast clouds
Upata,8.0086,-62.3989,78.19,89,100,1.79,VE,overcast clouds
Lithakia,37.7167,20.8333,70.97,72,0,8.61,GR,clear sky
Illapel,-31.6308,-71.1653,75.78,32,4,4.97,CL,clear sky
Salalah,17.0151,54.0924,77.49,89,100,5.23,OM,overcast clouds
Labuhan,-6.8844,112.2051,76.3,86,88,6.82,ID,overcast clouds
Los Llanos De Aridane,28.6585,-17.9182,69.55,93,40,11.5,ES,scattered clouds
Veraval,20.9,70.3667,81.1,77,96,9.95,IN,overcast clouds
Jalu,29.0331,21.5482,82.18,56,0,14.9,LY,clear sky
Yulara,-25.2406,130.9889,62.44,34,96,9.95,AU,overcast clouds
Seoul,37.5683,126.9778,63.84,100,100,12.66,KR,moderate rain
Chilca,-12.5211,-76.7372,62.33,77,7,6.78,PE,clear sky
Trelew,-43.249,-65.3051,80.37,11,76,13.35,AR,broken clouds
Roald,62.5833,6.1333,57.76,94,0,6.91,NO,clear sky
Cedral,23.8,-100.7333,76.77,45,100,9.6,MX,overcast clouds
Hami,42.8,93.45,75.06,16,0,6.6,CN,clear sky
Charlottetown,46.2352,-63.1267,61.56,69,75,9.22,CA,broken clouds
Sawakin,19.1059,37.3321,94.75,50,0,7.27,SD,clear sky
Zlitan,32.4674,14.5687,81.1,81,0,9.44,LY,clear sky
Cidreira,-30.1811,-50.2056,60.19,82,73,14.67,BR,broken clouds
Utiel,39.5667,-1.2,73.13,26,46,5.03,ES,scattered clouds
Kasongo-Lunda,-6.4667,16.8167,79.27,61,67,0.49,CD,broken clouds
Rawson,-43.3002,-65.1023,77.05,15,75,14.99,AR,broken clouds
Ojuelos De Jalisco,21.8667,-101.5833,70.29,54,100,10.89,MX,overcast clouds
Severo-Yeniseyskiy,60.3725,93.0408,35.69,95,63,6.17,RU,broken clouds
State College,40.7934,-77.86,72.52,96,100,0.0,US,light rain
Poum,-20.2333,164.0167,71.2,69,100,18.07,NC,overcast clouds
Sao Joao Da Barra,-21.6403,-41.0511,69.89,67,92,9.53,BR,overcast clouds
Pierre,44.3683,-100.351,92.32,27,0,4.61,US,clear sky
Flin Flon,54.7682,-101.865,78.64,50,75,10.36,CA,broken clouds
Arinos,-15.9169,-46.1056,81.72,28,30,4.27,BR,scattered clouds
Port Elizabeth,-33.918,25.5701,59.29,64,0,20.71,ZA,clear sky
Tuatapere,-46.1333,167.6833,39.85,83,100,4.79,NZ,overcast clouds
Bani,18.2833,-70.3333,90.84,71,99,7.0,DO,overcast clouds
Balikpapan,-1.2675,116.8289,74.39,100,20,4.61,ID,light rain
Fort Nelson,58.8053,-122.7002,60.39,59,75,6.91,CA,broken clouds
Sao Filipe,14.8961,-24.4956,80.11,81,100,2.82,CV,moderate rain
Rodino,52.5,80.25,61.21,31,100,8.01,RU,overcast clouds
Shimoda,34.6667,138.95,76.1,80,27,4.07,JP,scattered clouds
Katsuura,35.1333,140.3,79.07,81,19,5.41,JP,few clouds
Araguacu,-12.9306,-49.8264,92.26,19,15,4.79,BR,few clouds
Yellowknife,62.456,-114.3525,59.52,67,75,10.36,CA,broken clouds
Pangkalanbuun,-2.6833,111.6167,71.2,99,98,2.21,ID,overcast clouds
Touros,-5.1989,-35.4608,76.57,82,30,15.43,BR,scattered clouds
Yokadouma,3.5167,15.05,68.72,98,72,0.29,CM,light rain
Bathsheba,13.2167,-59.5167,83.01,83,40,9.22,BB,scattered clouds
Mount Isa,-20.7333,139.5,46.17,87,0,4.61,AU,clear sky
Doha,25.2867,51.5333,94.89,57,0,5.75,QA,clear sky
Port Macquarie,-31.4333,152.9167,49.89,83,98,7.05,AU,overcast clouds
Denpasar,-8.65,115.2167,78.46,94,40,5.75,ID,scattered clouds
Krasnyy Chikoy,50.3643,108.7512,39.4,74,75,3.4,RU,broken clouds
Carballo,43.213,-8.691,67.69,86,51,10.07,ES,broken clouds
Ponta Do Sol,32.6667,-17.1,72.23,74,98,3.02,PT,overcast clouds
Jutai,-5.1833,-68.9,95.61,28,60,3.06,BR,broken clouds
Sungairaya,0.7,108.9,77.88,87,100,3.74,ID,overcast clouds
Antalaha,-14.9003,50.2788,68.85,89,99,7.65,MG,light rain
Bilma,18.6853,12.9164,95.72,17,1,2.51,NE,clear sky
Locri,38.2414,16.2623,73.31,75,0,6.38,IT,clear sky
Muisne,0.6,-80.0333,76.23,80,91,9.89,EC,overcast clouds
Juneau,58.3019,-134.4197,57.2,92,75,0.0,US,broken clouds
Ilulissat,69.2167,-51.1,41.02,93,100,4.61,GL,drizzle
Virginia Beach,36.8529,-75.978,86.0,65,75,11.5,US,broken clouds
Kruisfontein,-34.0033,24.7314,56.88,59,11,21.9,ZA,few clouds
Miri,4.4148,114.0089,71.74,100,40,2.3,MY,light rain
Qandala,11.472,49.8728,88.41,56,66,4.61,SO,broken clouds
Azovo,54.6997,73.0237,51.55,71,100,16.11,RU,overcast clouds
Lata,40.1629,-8.3327,67.82,95,2,2.84,PT,clear sky
Mareeba,-17.0,145.4333,65.12,87,11,1.88,AU,few clouds
Las Palmas,28.4204,-14.0131,72.39,83,20,17.27,ES,few clouds
Ginir,7.1333,40.7,63.86,67,58,3.76,ET,light rain
Saint-Pierre,-21.3393,55.4781,69.48,78,20,14.97,RE,few clouds
Wenling,28.3669,121.36,72.59,78,82,4.56,CN,broken clouds
Klaksvik,62.2266,-6.589,58.12,98,100,17.67,FO,light rain
Kaeo,-35.1,173.7833,52.86,75,33,9.82,NZ,scattered clouds
Lorengau,-2.0226,147.2712,81.32,68,100,7.23,PG,overcast clouds
Taldan,53.6667,124.8,53.82,96,100,10.02,RU,overcast clouds
Punta Alta,-38.8759,-62.0736,72.16,25,0,15.43,AR,clear sky
Mildura,-34.2,142.15,46.11,70,99,4.47,AU,overcast clouds
Santa Maria Del Oro,25.9333,-105.3667,70.07,70,100,8.23,MX,overcast clouds
Itarema,-2.9248,-39.9167,78.76,79,27,17.78,BR,scattered clouds
Isangel,-19.55,169.2667,72.5,89,100,12.08,VU,moderate rain
Hobyo,5.3505,48.5268,75.83,83,10,28.1,SO,clear sky
Nome,64.5011,-165.4064,49.15,93,100,6.91,US,light rain
Sandanski,41.5667,23.2833,66.0,72,38,3.09,BG,scattered clouds
Tarakan,3.3,117.6333,74.7,94,100,2.3,ID,light rain
Comodoro Rivadavia,-45.8667,-67.5,73.26,11,100,8.05,AR,dust
Korfovskiy,48.2183,135.0564,60.26,96,100,2.82,RU,light rain
Borovskoy,53.8,64.15,48.83,84,92,13.13,KZ,overcast clouds
Kyabe,9.4515,18.9449,70.77,96,81,3.0,TD,broken clouds
Kiri Buru,22.0833,85.35,74.7,86,100,1.63,IN,overcast clouds
Mocorito,25.4833,-107.9167,95.27,46,44,5.53,MX,scattered clouds
Ukiah,39.1502,-123.2078,112.44,14,0,5.75,US,clear sky
Chhapra,25.7667,84.75,84.18,68,99,4.14,IN,overcast clouds
Suhbaatar,50.2314,106.2078,50.47,58,80,2.17,MN,broken clouds
Teahupoo,-17.8333,-149.2667,76.96,80,30,14.61,PF,scattered clouds
Kem,64.9555,34.5793,46.38,85,100,8.37,RU,overcast clouds
Tual,-5.6667,132.75,80.55,80,83,14.65,ID,broken clouds
Kristiinankaupunki,62.2743,21.376,50.27,74,13,8.1,FI,few clouds
Quesnel,52.9999,-122.5029,57.7,72,75,12.66,CA,broken clouds
Rocha,-34.4833,-54.3333,55.45,73,0,6.38,UY,clear sky
Asau,46.4333,26.4,50.92,71,96,2.66,RO,light rain
Tezu,27.9167,96.1667,73.85,97,100,2.64,IN,overcast clouds
Portland,45.5234,-122.6762,81.57,46,20,11.5,US,few clouds
Verrettes,19.05,-72.4667,84.69,73,96,5.93,HT,overcast clouds
Khandyga,62.6667,135.6,43.41,69,98,4.63,RU,overcast clouds
Wucheng,29.6008,118.175,66.16,88,3,1.21,CN,clear sky
Morehead,37.2711,-87.1764,83.98,84,40,0.0,US,scattered clouds
Westport,41.1415,-73.3579,82.27,77,75,8.05,US,broken clouds
Ketchikan,55.3422,-131.6461,59.47,88,75,14.97,US,broken clouds
Birin,26.8865,88.0718,62.4,90,95,3.69,NP,moderate rain
San Quintin,30.4833,-115.95,79.97,72,8,13.18,MX,clear sky
Havoysund,70.9963,24.6622,46.63,79,100,21.14,NO,overcast clouds
Srandakan,-7.9386,110.2506,75.4,91,71,6.08,ID,broken clouds
La Libertad,-2.2333,-80.9,71.26,83,75,11.5,EC,broken clouds
Rurrenabaque,-14.4413,-67.5278,90.01,27,30,1.25,BO,scattered clouds
Blackwater,-23.5833,148.8833,59.88,77,89,11.05,AU,overcast clouds
Halifax,44.6453,-63.5724,70.45,78,100,3.44,CA,overcast clouds
Kavaratti,10.5669,72.642,79.03,86,100,25.57,IN,moderate rain
Markova,48.6758,24.4138,48.74,72,30,2.28,UA,scattered clouds
Fallon,39.4735,-118.7774,100.45,9,0,6.91,US,clear sky
Lakatoro,-16.0999,167.4164,79.52,80,86,5.84,VU,overcast clouds
Pathein,16.7833,94.7333,78.89,87,100,3.51,MM,overcast clouds
Angoche,-16.2325,39.9086,72.0,81,0,6.6,MZ,clear sky
Felipe Carrillo Puerto,19.5833,-88.05,90.1,51,69,5.5,MX,broken clouds
Abasolo,20.45,-101.5167,67.8,80,100,2.48,MX,overcast clouds
Talcahuano,-36.7167,-73.1167,60.48,63,0,6.91,CL,clear sky
Faya,18.3851,42.4509,66.31,53,95,2.3,SA,overcast clouds
Nantucket,41.2835,-70.0995,73.0,79,0,6.91,US,clear sky
Refojos De Basto,41.5132,-7.9952,64.67,98,91,4.18,PT,overcast clouds
Maldonado,-34.6667,-54.9167,60.19,72,0,6.04,UY,clear sky
Ponnani,10.767,75.9252,74.52,92,80,3.87,IN,broken clouds
Khatanga,71.9667,102.5,41.92,90,100,8.72,RU,overcast clouds
Mahebourg,-20.4081,57.7,70.09,78,75,12.66,MU,broken clouds
Arroio Grande,-32.2375,-53.0869,56.77,79,0,7.02,BR,clear sky
Prince George,53.9166,-122.753,60.3,67,100,13.8,CA,overcast clouds
Linjiang,41.8069,126.9078,57.54,96,100,1.19,CN,overcast clouds
Kato Mazarakion,38.0667,21.65,77.36,66,0,8.1,GR,clear sky
Vanimo,-2.6741,141.3028,77.34,89,56,4.92,PG,broken clouds
Weifang,36.71,119.1019,63.57,75,0,4.52,CN,clear sky
Alofi,-19.0595,-169.9187,80.49,74,33,10.36,NU,scattered clouds
Timmins,48.4669,-81.3331,69.62,37,20,6.91,CA,few clouds
Papetoai,-17.4961,-149.8729,81.99,74,3,13.02,PF,light rain
Buba,11.5833,-15.0,75.81,92,59,4.32,GW,broken clouds
Kommunar,59.6206,30.39,45.52,62,90,4.76,RU,overcast clouds
Clovis,36.8252,-119.7029,110.61,20,20,4.61,US,haze
Samoded,63.6083,40.5111,45.36,98,100,4.56,RU,overcast clouds
Killybegs,54.6333,-8.45,61.11,85,100,18.72,IE,overcast clouds
Valenca Do Piaui,-6.4075,-41.7456,90.91,24,42,9.51,BR,scattered clouds
Kismayo,-0.3582,42.5454,75.11,81,0,15.93,SO,clear sky
San Policarpo,12.1791,125.5072,79.59,86,100,5.37,PH,overcast clouds
Lusambo,-4.9667,23.45,74.28,67,5,2.35,CD,clear sky
Sarakhs,36.5449,61.1577,79.05,15,0,9.42,IR,clear sky
Makarska,43.2969,17.0178,73.4,65,13,6.6,HR,few clouds
Alamosa,37.4695,-105.87,85.98,16,0,4.61,US,clear sky
Xinyang,32.1228,114.0656,73.45,46,60,4.85,CN,broken clouds
Hovd,48.0056,91.6419,59.56,32,4,1.57,MN,clear sky
Fukue,32.6881,128.8419,79.09,89,100,35.63,JP,heavy intensity rain
Suleja,9.1758,7.1808,77.99,93,31,0.85,NG,light rain
Baltiysk,54.6538,19.911,54.05,67,0,5.99,RU,clear sky
Geraldton,-28.7667,114.6,57.61,67,40,14.97,AU,scattered clouds
Oranjemund,-28.55,16.4333,54.19,67,0,21.61,NA,clear sky
Rio Grande,-32.035,-52.0986,60.91,84,1,11.88,BR,clear sky
Mecca,21.4267,39.8261,88.0,48,25,4.25,SA,scattered clouds
Zykovo,55.9519,93.1461,43.54,75,100,3.65,RU,overcast clouds
Dawei,14.0833,98.2,75.33,93,99,3.29,MM,overcast clouds
Abu Zabad,12.35,29.25,78.42,66,41,6.26,SD,scattered clouds
Ponta Delgada,37.7333,-25.6667,72.32,78,20,3.44,PT,few clouds
Poli,-3.3333,36.8,60.31,69,81,4.61,TZ,broken clouds
Pedra Azul,-16.0053,-41.2972,63.77,87,100,4.7,BR,overcast clouds
Krasnokamensk,50.0979,118.0369,42.31,88,100,2.64,RU,overcast clouds
Yacuiba,-22.038,-63.6797,75.34,17,0,6.69,BO,clear sky
Hokitika,-42.7167,170.9667,36.84,70,2,4.74,NZ,clear sky
Mondovi,44.396,7.8176,70.79,80,0,3.65,IT,clear sky
Kutahya,39.4242,29.9833,53.06,85,78,6.31,TR,broken clouds
Belle Fourche,44.6714,-103.8522,99.34,8,4,9.89,US,clear sky
Forlimpopoli,44.1911,12.1287,75.65,83,0,3.0,IT,clear sky
Mayo,38.8876,-76.5119,85.14,69,0,12.66,US,clear sky
Dingle,10.9995,122.6711,75.47,95,100,5.95,PH,overcast clouds
Safford,32.834,-109.7076,94.12,26,0,13.8,US,clear sky
Jacareacanga,-6.2222,-57.7528,99.79,22,81,3.29,BR,broken clouds
Camacha,33.0833,-16.3333,69.22,78,20,4.61,PT,few clouds
Shelburne,44.0787,-80.2041,68.23,69,100,10.2,CA,overcast clouds
Astara,38.5,48.6667,71.58,96,100,5.93,AZ,moderate rain
Zhangye,38.9342,100.4517,63.36,30,0,6.49,CN,clear sky
Pak Phanang,8.3511,100.202,79.48,80,100,5.23,TH,overcast clouds
Elbrus,43.2577,42.6443,51.69,98,100,8.16,RU,overcast clouds
Cam Ranh,11.9214,109.1591,80.56,78,20,1.14,VN,moderate rain
Faanui,-16.4833,-151.75,78.33,71,37,13.51,PF,scattered clouds
Huercal-Overa,37.389,-1.9454,80.24,46,100,3.02,ES,overcast clouds
Jumla,29.2747,82.1838,57.52,93,65,0.83,NP,broken clouds
Sangueya,10.7,-14.3667,76.57,91,95,3.24,GN,overcast clouds
Ishigaki,24.3448,124.1572,80.73,100,40,5.75,JP,scattered clouds
Sanford,28.8006,-81.2731,94.1,69,0,17.27,US,clear sky
Paamiut,61.994,-49.6678,39.45,99,100,4.76,GL,moderate rain
Tulun,54.5611,100.5792,49.78,96,99,2.95,RU,light rain
Davila,18.4726,120.5763,76.98,79,100,10.56,PH,overcast clouds
Roma,43.2128,-75.4557,67.57,97,100,5.75,US,moderate rain
Charters Towers,-20.1,146.2667,61.63,83,67,11.68,AU,broken clouds
Kimberley,-28.7323,24.7623,38.89,75,0,2.3,ZA,clear sky
Mount Pleasant,32.7941,-79.8626,83.07,87,75,4.61,US,broken clouds
Ambatondrazaka,-17.8333,48.4167,58.42,89,87,4.63,MG,overcast clouds
Gohpur,26.8833,93.6333,75.06,96,100,3.29,IN,overcast clouds
Samarinda,-0.5,117.15,71.26,99,100,1.54,ID,overcast clouds
Tula,54.2044,37.6111,49.59,90,97,8.3,RU,overcast clouds
Haines Junction,60.7522,-137.5108,58.95,44,46,3.44,CA,scattered clouds
Kirakira,-10.4544,161.9205,80.74,79,16,6.17,SB,few clouds
Otradnoye,59.7775,30.8181,46.04,75,54,3.4,RU,broken clouds
Warwick,41.7001,-71.4162,71.89,88,100,6.91,US,moderate rain
Maniwaki,46.3834,-75.966,70.18,49,0,5.75,CA,clear sky
Thunder Bay,48.4001,-89.3168,66.18,63,20,11.5,CA,few clouds
Moroto,2.5345,34.6666,68.09,74,43,3.11,UG,light rain
Finschhafen,-6.6024,147.8681,79.36,77,44,5.99,PG,scattered clouds
Ambilobe,-13.2,49.05,68.65,74,6,3.69,MG,clear sky
Thalgau,47.8333,13.25,65.59,88,4,4.61,AT,clear sky
Port Lincoln,-34.7333,135.8667,52.36,81,6,12.71,AU,clear sky
Sergeyevka,53.88,67.4158,54.09,66,100,11.03,KZ,overcast clouds
Port Pirie,-33.1833,138.0167,45.77,66,0,6.2,AU,clear sky
Flinders,-34.5833,150.8552,51.39,86,80,10.0,AU,light rain
Sunrise Manor,36.2111,-115.0731,109.06,17,0,6.91,US,clear sky
Aragarcas,-15.8975,-52.2508,92.05,21,0,5.75,BR,clear sky
Lima,-12.0432,-77.0282,62.85,68,40,8.05,PE,scattered clouds
Te Anau,-45.4167,167.7167,32.72,91,91,1.25,NZ,overcast clouds
Krasnoselkup,65.7,82.4667,42.82,93,100,13.6,RU,light rain
Bairiki,1.3292,172.9752,84.2,70,20,14.97,KI,few clouds
Kenora,49.8167,-94.4337,74.37,46,40,12.66,CA,scattered clouds
Kharovsk,59.9642,40.1912,42.85,87,100,4.81,RU,overcast clouds
Garoua Boulai,5.8833,14.55,64.49,97,100,2.08,CM,light rain
Xiongzhou,25.1167,114.3,71.62,75,37,1.3,CN,scattered clouds
Luancheng,37.8792,114.6517,62.76,80,0,5.17,CN,clear sky
Zhigansk,66.7697,123.3711,40.41,74,100,15.75,RU,overcast clouds
Ulaanbaatar,47.9077,106.8832,32.13,80,0,2.24,MN,clear sky
Ust-Omchug,61.15,149.6333,44.26,52,0,3.76,RU,clear sky
Iguape,-24.7081,-47.5553,65.44,76,96,6.11,BR,overcast clouds
Zeya,53.75,127.2667,55.04,95,89,8.16,RU,overcast clouds
Wokha,26.1,94.2667,59.25,99,100,1.95,IN,overcast clouds
Zhanaozen,43.3,52.8,65.17,65,2,17.16,KZ,clear sky
The Valley,18.217,-63.0578,86.14,74,20,10.36,AI,few clouds
Sarkand,45.41,79.9186,70.05,24,0,7.63,KZ,clear sky
Nioro,13.35,-15.75,76.69,93,94,5.21,GM,overcast clouds
Kristinehamn,59.3098,14.1081,46.96,71,57,3.91,SE,broken clouds
Gulabpura,25.9,74.6667,79.41,64,93,6.85,IN,overcast clouds
Buraydah,26.326,43.975,84.65,9,0,8.5,SA,clear sky
North Fort Myers,26.6673,-81.8801,96.08,65,58,3.67,US,broken clouds
Karpathos,35.507,27.2132,76.96,69,0,31.07,GR,clear sky
Fortuna,40.5982,-124.1573,73.09,92,15,8.12,US,few clouds
San Carlos De Bariloche,-41.1456,-71.3082,62.35,15,0,21.85,AR,clear sky
Sladkovo,55.5284,70.3385,47.28,95,100,11.36,RU,overcast clouds
Hirado,33.3597,129.5531,75.38,89,100,47.49,JP,moderate rain
Jijiga,9.35,42.8,65.95,76,33,3.78,ET,scattered clouds
Belmonte,-15.8631,-38.8828,72.37,75,66,9.06,BR,broken clouds
Kuala Lumpur,3.1431,101.6865,78.35,87,20,0.0,MY,few clouds
Narsaq,60.9167,-46.05,50.22,91,99,4.21,GL,light rain
Mayumba,-3.432,10.6554,74.35,86,95,8.52,GA,overcast clouds
Takaungu,-3.6837,39.8566,73.8,83,1,12.66,KE,clear sky
Cap Malheureux,-19.9842,57.6142,68.47,80,1,3.0,MU,light rain
Phangnga,8.4509,98.5298,75.24,94,100,3.76,TH,moderate rain
Birao,10.2849,22.7882,71.56,95,50,3.74,CF,light rain
Moose Factory,51.2585,-80.6094,75.2,40,0,14.97,CA,clear sky
Prince Rupert,54.3161,-130.3201,62.69,76,0,11.5,CA,clear sky
Moyale,3.5167,39.0584,74.25,51,82,12.39,KE,broken clouds
Awbari,26.5921,12.7805,86.58,24,0,8.72,LY,clear sky
Ust-Kut,56.7938,105.7672,44.78,95,98,3.65,RU,light rain
Baruun-Urt,46.6806,113.2792,43.02,91,90,10.07,MN,overcast clouds
Invermere,50.5167,-116.0354,76.35,20,32,7.31,CA,scattered clouds
Northam,51.0333,-4.2167,61.61,90,94,12.55,GB,overcast clouds
Kloulklubed,7.0419,134.2556,75.7,72,87,8.63,PW,overcast clouds
Broome,42.2506,-75.833,71.85,97,100,4.0,US,light rain
Gladstone,-23.85,151.25,58.93,77,16,2.3,AU,few clouds
Gilgit,35.9221,74.3087,76.53,59,4,4.56,PK,clear sky
Wattegama,6.7989,81.4808,75.25,86,100,9.62,LK,overcast clouds
Dicabisagan,17.0818,122.4157,79.72,86,100,4.54,PH,overcast clouds
Cabo San Lucas,22.8909,-109.9124,95.61,66,40,2.3,MX,scattered clouds
Kontagora,10.3999,5.4695,75.16,87,65,4.52,NG,broken clouds
Yuli,9.6989,10.2744,73.33,97,96,7.0,NG,heavy intensity rain
Noumea,-22.2763,166.4572,72.0,99,100,6.98,NC,overcast clouds
Pekan,3.4836,103.3996,78.91,90,100,2.86,MY,light rain
Taylor,32.3001,-99.8337,81.86,57,0,18.41,US,clear sky
Yakeshi,49.2833,120.7333,37.9,82,98,3.53,CN,overcast clouds
Port-Gentil,-0.7193,8.7815,76.96,83,20,8.05,GA,few clouds
Teguise,29.0605,-13.564,71.82,73,20,20.71,ES,few clouds
Chapadinha,-3.7417,-43.3603,85.48,45,82,7.09,BR,broken clouds
Iracoubo,5.4802,-53.2011,81.72,80,85,13.47,GF,overcast clouds
Harper,4.375,-7.7169,75.81,89,85,10.47,LR,light rain
Evensk,61.95,159.2333,44.53,55,11,6.13,RU,few clouds
Burnie,-41.0667,145.9167,46.92,87,36,8.08,AU,scattered clouds
Tsuruga,35.6455,136.0558,78.64,84,100,21.5,JP,overcast clouds
Aksu,41.1231,80.2644,72.3,20,17,2.95,CN,few clouds
Newport Beach,33.6189,-117.9289,107.62,61,20,9.22,US,few clouds
Sisimiut,66.9395,-53.6735,41.23,86,84,24.29,GL,broken clouds
Nakamura,32.9833,132.9333,80.1,96,100,15.37,JP,light rain
Port-Cartier,50.0334,-66.8654,59.22,52,70,6.69,CA,broken clouds
Great Bend,38.3645,-98.7648,89.62,39,0,11.5,US,clear sky
Karla,59.3723,24.9275,51.76,62,100,4.61,EE,overcast clouds
Catamarca,-28.4696,-65.7852,79.07,13,0,6.51,AR,clear sky
Oriximina,-1.7656,-55.8661,92.12,39,77,5.41,BR,broken clouds
Warri,5.5167,5.75,75.63,91,100,3.29,NG,overcast clouds
Tigil,57.8,158.6667,42.66,77,0,3.56,RU,clear sky
Mandal,25.45,74.5667,78.91,65,98,4.99,IN,overcast clouds
Northfield,44.4583,-93.1616,78.71,55,75,5.75,US,broken clouds
Aykhal,66.0,111.5,37.87,99,100,5.93,RU,light rain
Carmen,18.6333,-91.8333,86.04,74,20,11.5,MX,few clouds
Zarasai,55.7333,26.25,47.55,63,99,4.32,LT,overcast clouds
Mount Vernon,40.9126,-73.8371,83.34,69,75,13.8,US,broken clouds
Tongliao,43.6125,122.2653,50.25,46,42,7.18,CN,scattered clouds
Bowen,-20.0167,148.2333,69.78,69,99,17.56,AU,overcast clouds
Yerbogachen,61.2767,108.0108,41.94,92,88,9.17,RU,overcast clouds
Yucca Valley,34.1142,-116.4322,102.31,22,0,7.0,US,clear sky
Anadyr,64.75,177.4833,36.1,93,100,15.66,RU,light shower sleet
Malindi,-3.2175,40.1191,74.32,81,13,14.12,KE,few clouds
Steamboat Springs,40.485,-106.8317,91.35,14,0,8.05,US,clear sky
Caruray,10.3094,119.0128,78.75,89,100,6.82,PH,overcast clouds
Kyren,51.6828,102.1408,51.48,72,26,1.14,RU,scattered clouds
Lumberton,34.6182,-79.0086,80.82,94,100,0.0,US,heavy intensity rain
Coihaique,-45.5752,-72.0662,55.35,41,75,10.36,CL,light intensity shower rain
Kieta,-6.2167,155.6333,80.01,81,81,6.38,PG,broken clouds
Anderson,34.5334,-82.6499,82.69,73,75,10.36,US,broken clouds
Klyuchi,52.2667,79.1667,61.66,28,99,8.57,RU,overcast clouds
Epe,6.5841,3.9834,74.43,93,36,4.85,NG,scattered clouds
Sangre Grande,10.5835,-61.1177,83.05,88,94,6.6,TT,overcast clouds
Peleduy,59.6289,112.7406,46.9,88,100,9.37,RU,overcast clouds
Port Hedland,-20.3167,118.5667,57.25,94,0,6.91,AU,clear sky
Muyezerskiy,63.9333,31.65,45.82,79,100,8.23,RU,overcast clouds
Waingapu,-9.6567,120.2641,75.29,82,60,5.7,ID,broken clouds
Otavalo,0.2333,-78.2667,62.82,62,76,5.46,EC,light rain
Hlobyne,49.3878,33.2596,49.64,61,55,7.61,UA,broken clouds
Canavieiras,-15.675,-38.9472,71.42,76,69,6.8,BR,broken clouds
Tommot,58.9564,126.2925,43.84,96,95,0.76,RU,overcast clouds
Bangkalan,-7.0455,112.7351,76.95,83,73,4.83,ID,broken clouds
Chistogorskiy,53.9835,87.3843,49.53,72,99,3.42,RU,overcast clouds
Ornskoldsvik,63.2909,18.7153,40.15,93,35,3.44,SE,scattered clouds
Mubi,10.2676,13.2644,70.88,86,25,3.49,NG,scattered clouds
Raton,36.9034,-104.4391,90.21,21,0,18.41,US,clear sky
Arman,59.7,150.1667,48.52,72,0,2.33,RU,clear sky
Constantine,36.365,6.6147,78.21,69,40,3.44,DZ,scattered clouds
Saint-Georges,12.0564,-61.7485,83.88,79,20,14.97,GD,few clouds
Broken Hill,-31.95,141.4333,46.06,69,6,8.32,AU,clear sky
Kesabpur,22.9167,89.2167,79.74,92,100,5.39,BD,overcast clouds
Biltine,14.5333,20.9167,77.04,73,85,6.64,TD,overcast clouds
Ati,13.2154,18.3353,79.95,69,67,6.13,TD,broken clouds
Olafsvik,64.8945,-23.7142,50.61,69,100,4.16,IS,overcast clouds
Kerema,-7.9631,145.7785,76.93,89,100,3.2,PG,moderate rain
Roura,4.7263,-52.3274,82.31,78,76,9.22,GF,broken clouds
Misratah,32.3754,15.0925,82.15,77,0,12.12,LY,clear sky
Kundiawa,-6.0167,144.9667,57.69,85,22,3.04,PG,few clouds
Tanauan,14.0863,121.1498,78.94,93,100,0.31,PH,overcast clouds
Anshun,26.25,105.9333,58.84,76,16,4.14,CN,few clouds
Vilhena,-12.7406,-60.1458,86.22,39,0,14.97,BR,clear sky
Kiama,-34.6833,150.8667,55.0,87,85,5.01,AU,overcast clouds
Smithers,54.7804,-127.1743,59.32,51,75,8.05,CA,broken clouds
Sorland,67.667,12.6934,49.86,70,100,12.17,NO,overcast clouds
Tilichiki,60.4667,166.1,45.27,50,0,12.1,RU,clear sky
Sinnamary,5.3833,-52.95,80.6,82,82,14.79,GF,broken clouds
Nagaur,27.2,73.7333,80.4,67,7,10.2,IN,clear sky
Zaragoza,41.6561,-0.8773,81.01,53,40,18.41,ES,thunderstorm
Grand Forks,47.9417,-97.4337,80.53,50,20,25.32,US,few clouds
Eravur,7.7733,81.6095,76.62,87,100,3.22,LK,moderate rain
Lasa,46.6166,10.7002,65.28,89,8,1.81,IT,clear sky
Povenets,62.8487,34.8262,47.98,85,100,7.65,RU,overcast clouds
Lokosovo,61.1333,74.8167,43.38,92,100,8.21,RU,overcast clouds
Victor Harbor,-35.5667,138.6167,46.69,72,100,6.96,AU,overcast clouds
Kefamenanu,-9.4467,124.4781,67.33,89,37,2.95,ID,scattered clouds
Kawalu,-7.3817,108.2082,72.57,95,91,1.28,ID,moderate rain
Mutsu,41.2894,141.2169,72.41,90,95,8.59,JP,overcast clouds
Cartagena,10.3997,-75.5144,83.89,73,91,7.47,CO,overcast clouds
Aldama,22.9167,-98.0667,83.37,70,98,9.04,MX,overcast clouds
Karaton,-6.3424,106.1045,72.81,94,86,1.59,ID,heavy intensity rain
Oga,46.4631,10.347,57.88,92,5,1.7,IT,clear sky
Viedma,-40.8135,-62.9967,76.28,13,15,18.3,AR,few clouds
Cherdyn,60.403,56.4787,39.13,83,61,3.13,RU,broken clouds
Tynda,55.1667,124.7167,51.12,98,100,8.08,RU,overcast clouds
Berdigestyakh,62.0989,126.6992,44.53,96,100,5.48,RU,overcast clouds
Padang,-0.9492,100.3543,76.44,85,97,2.8,ID,overcast clouds
Tyret Pervaya,53.6703,102.3106,50.43,87,100,3.0,RU,overcast clouds
Dongsheng,39.8161,109.9776,51.89,24,2,10.02,CN,clear sky
Krasnorechenskiy,44.6265,135.3532,57.81,100,100,3.74,RU,overcast clouds
San Rafael,-34.6177,-68.3301,74.44,9,34,15.08,AR,scattered clouds
Ordynskoye,54.3656,81.8994,57.06,34,100,6.2,RU,overcast clouds
Lodwar,3.1191,35.5973,82.85,51,28,12.44,KE,scattered clouds
Arteaga,18.4667,-102.4167,64.49,97,100,3.62,MX,overcast clouds
Pacific Grove,36.6177,-121.9166,100.35,62,0,5.75,US,clear sky
Bideford,51.0179,-4.2046,62.31,91,76,11.41,GB,broken clouds
Tkibuli,42.3477,42.9981,60.04,97,100,3.22,GE,overcast clouds
Eureka,40.8021,-124.1637,74.17,80,27,5.99,US,scattered clouds
Vao,-22.6667,167.4833,67.55,62,99,14.25,NC,overcast clouds
Gorom-Gorom,14.4439,-0.2361,92.7,41,27,12.66,BF,scattered clouds
Charlestown,-32.95,151.6667,54.73,89,78,4.0,AU,light rain
Dutlwe,-23.9833,23.9,58.41,25,16,11.34,BW,few clouds
Tura,25.5198,90.2201,73.65,94,95,3.36,IN,overcast clouds
Alyangula,-13.8483,136.4192,53.47,100,41,0.0,AU,scattered clouds
Makurdi,7.7411,8.5121,74.77,92,12,4.7,NG,few clouds
Anton Lizardo,19.05,-95.9833,84.42,76,94,5.03,MX,overcast clouds
Miles City,46.4083,-105.8406,94.17,12,0,10.36,US,clear sky
Wasilla,61.5814,-149.4394,61.75,65,0,1.01,US,clear sky
Guerrero Negro,27.9769,-114.0611,82.74,69,11,15.82,MX,few clouds
Garissa,-0.4536,39.6401,73.49,70,9,16.02,KE,clear sky
Walvis Bay,-22.9575,14.5053,55.09,76,0,5.75,NA,clear sky
Ust-Kuyga,70.0167,135.6,43.56,63,43,3.6,RU,scattered clouds
Nokaneng,-19.6667,22.2667,70.97,17,0,9.89,BW,clear sky
Juiz De Fora,-21.7642,-43.3503,64.02,71,97,1.01,BR,overcast clouds
Brae,60.3964,-1.353,58.3,90,100,20.04,GB,overcast clouds
Sibolga,1.7427,98.7792,75.81,87,100,3.11,ID,overcast clouds
Ulaangom,49.9811,92.0667,53.83,48,18,1.5,MN,few clouds
Conde,-7.2597,-34.9075,71.06,100,75,8.05,BR,broken clouds
Huacho,-11.1067,-77.605,64.71,71,11,8.34,PE,few clouds
Concepcion Del Oro,24.6333,-101.4167,68.85,50,99,1.28,MX,overcast clouds
Takoradi,4.8845,-1.7554,74.5,92,64,5.86,GH,broken clouds
Shilovo,54.3204,40.874,45.21,93,100,6.46,RU,overcast clouds
Kumbo,6.2,10.6667,59.07,96,99,3.6,CM,light rain
Opuwo,-18.0607,13.84,66.7,24,0,4.45,NA,clear sky
Casper,42.8666,-106.3131,95.81,12,0,10.36,US,smoke
Kolondieba,11.0882,-6.8926,75.24,89,97,4.07,ML,overcast clouds
Sept-Iles,50.2001,-66.3821,59.52,54,20,8.05,CA,few clouds
Nautla,20.2167,-96.7833,84.74,71,35,11.86,MX,scattered clouds
Kirovskiy,45.0917,133.5136,59.63,99,100,1.99,RU,overcast clouds
Curanilahue,-37.4667,-73.35,54.75,68,100,2.64,CL,overcast clouds
Oistins,13.0667,-59.5333,82.49,83,40,9.22,BB,scattered clouds
Aktas,49.7789,72.9608,51.55,34,85,5.73,KZ,overcast clouds
Katangli,51.7102,143.2326,57.11,84,100,3.51,RU,overcast clouds
Albury,-36.0833,146.9167,46.02,100,100,3.65,AU,light rain
Tortoli,39.9256,9.6572,76.82,83,0,9.22,IT,clear sky
Matagami,49.7502,-77.6328,71.71,30,0,4.61,CA,clear sky
Chateauroux,46.8167,1.7,69.8,73,0,0.0,FR,clear sky
Qianjiang,30.4151,112.8859,70.56,59,38,1.86,CN,scattered clouds
Mao,39.8885,4.2658,79.36,94,40,5.75,ES,scattered clouds
Shache,38.4167,77.2406,75.7,23,44,1.95,CN,scattered clouds
Ngaoundere,7.3167,13.5833,63.73,95,96,1.97,CM,overcast clouds
Gorshechnoye,51.5244,38.0365,41.72,88,42,6.93,RU,scattered clouds
Trincomalee,8.5711,81.2335,79.03,82,100,21.43,LK,light rain
Puerto Asis,0.5133,-76.5007,79.81,65,67,3.02,CO,broken clouds
Batemans Bay,-35.7167,150.1833,50.09,71,21,4.45,AU,few clouds
Galle,6.0367,80.217,77.16,89,100,11.61,LK,overcast clouds
Semypolky,50.7167,30.9333,52.93,64,23,6.06,UA,few clouds
Rabo De Peixe,37.8,-25.5833,71.11,78,20,3.44,PT,few clouds
Tomatlan,19.9333,-105.25,80.89,81,100,3.42,MX,overcast clouds
Dudinka,69.4058,86.1778,43.63,95,100,6.4,RU,overcast clouds
Tateyama,34.9833,139.8667,77.09,74,8,6.29,JP,clear sky
Berezovyy,51.6667,135.7,55.17,97,100,3.91,RU,moderate rain
Boca Do Acre,-8.7522,-67.3978,89.26,28,3,1.95,BR,clear sky
Floro,61.5996,5.0328,59.07,88,86,8.05,NO,overcast clouds
